pmid,title,abstract,bertopic_topic,topic,llm_label,llm_summary,summary_accuracy,auditor_notes
38159755,"Crown die-back of peri-urban forests after combined heatwave and drought was species-specific, size-dependent, and also related to tree neighbourhood characteristics.","The Rhine River valley of Germany has been facing recurrent and intense spells of drought and heatwaves threatening the health of trees in peri-urban forests. Crown damage intensified by climate change accelerates tree mortality, threatening its ecological, economic, and social benefits; however, the pattern of crown die-back in peri-urban forests remained unclear. We performed a field inventory to estimate the crown die-back of 2578 trees of 51 species from 68 randomly selected peri-urban forest plots in Karlsruhe region on the right bank of the Rhine, after the catastrophic summer heatwave and drought of 2018. We related crown die-back to species-specific drought tolerance, wood anatomical traits, tree size, canopy surface temperature, tree density, Shannon's diversity and Gini coefficient for tree height. Regression results indicate that small-size trees were found to be more susceptible to canopy damage than large trees, with a 1-meter increase in tree height associated with a 0.8 % reduction in crown die-back. This size-dependent process is also species-specific. Among the 12 species with significant (p < 0.05) linear relationship between height and die-back, 9 species demonstrated negative correlations and 3 species showed positive relationships. Species tolerant to drought or cavitation (e.g., trees with diffuse porous xylem, 21 species) had significantly lower crown dieback. For example, with a 1-point-scale increase in drought tolerance crown die-back declined 14.35 %. Trees that experienced high canopy surface temperature and grew with high tree density and species diversity (Shannon's diversity) had more crown die-back. However, high structural diversity (Gini coefficient) was related to lower crown die-back. Our results suggested that future research should focus more on tree species-specific hydraulic and thermal traits and tree density and structure management to improve tree health and species selection in peri-urban forests under future climate change.",0,0,0_Urban Heat Island Mitigation,"The abstracts discuss various nature-based solutions (NBS) related to urban heat outcomes and their consequent health implications. The first abstract (PMID: 38159755) emphasizes the role of increased tree coverage in mitigating urban heat island (UHI) effects in Mexico, noting that heightened tree canopy cannot, by itself, adequately address UHI without careful selection of appropriate tree species. The second abstract (PMID: 26828171) presents the multifaceted role of trees in urban landscapes, including their cooling benefits through transpiration and canopy shade, while also acknowledging potential adverse impacts on air quality due to the release of volatile organic compounds. It suggests that a better understanding of these dynamics is crucial for enhancing urban well-being. The third abstract (PMID: 26828167) highlights the challenge posed by recurrent heatwaves and drought on periurban forests in Germany, documenting tree crown dieback and suggesting that tree size and species-specific traits influence susceptibility to environmental stressors. However, it does not report specific health outcomes resulting from the UHI or environmental changes discussed.

Overall, while the abstracts provide insight into the types of NBS like tree coverage and forest management aimed at mitigating urban heat, they collectively lack specific information on health outcomes associated with these urban heat adjustments.",Partially accurate,Wrong location
26828171,The Urban Tree as a Tool to Mitigate the Urban Heat Island in Mexico City: A Simple Phenomenological Model.,"The urban heat island (UHI) is mainly a nocturnal phenomenon, but it also appears during the day in Mexico City. The UHI may affect human thermal comfort, which can influence human productivity and morbidity in the spring/summer period. A simple phenomenological model based on the energy balance was developed to generate theoretical support of UHI mitigation in Mexico City focused on the latent heat flux change by increasing tree coverage to reduce sensible heat flux and air temperature. Half-hourly data of the urban energy balance components were generated in a typical residential/commercial neighborhood of Mexico City and then parameterized using easily measured variables (air temperature, humidity, pressure, and visibility). Canopy conductance was estimated every hour in four tree species, and transpiration was estimated using sap flow technique and parameterized by the envelope function method. Averaged values of net radiation, energy storage, and sensible and latent heat flux were around 449, 224, 153, and 72 W m, respectively. Daily tree transpiration ranged from 3.64 to 4.35 Ld. To reduce air temperature by 1°C in the studied area, 63 large would be required per hectare, whereas to reduce the air temperature by 2°C only 24 large trees would be required. This study suggests increasing tree canopy cover in the city cannot mitigate UHI adequately but requires choosing the most appropriate tree species to solve this problem. It is imperative to include these types of studies in tree selection and urban development planning to adequately mitigate UHI.",0,0,0_Urban Heat Island Mitigation,"The abstracts discuss various nature-based solutions (NBS) related to urban heat outcomes and their consequent health implications. The first abstract (PMID: 38159755) emphasizes the role of increased tree coverage in mitigating urban heat island (UHI) effects in Mexico, noting that heightened tree canopy cannot, by itself, adequately address UHI without careful selection of appropriate tree species. The second abstract (PMID: 26828171) presents the multifaceted role of trees in urban landscapes, including their cooling benefits through transpiration and canopy shade, while also acknowledging potential adverse impacts on air quality due to the release of volatile organic compounds. It suggests that a better understanding of these dynamics is crucial for enhancing urban well-being. The third abstract (PMID: 26828167) highlights the challenge posed by recurrent heatwaves and drought on periurban forests in Germany, documenting tree crown dieback and suggesting that tree size and species-specific traits influence susceptibility to environmental stressors. However, it does not report specific health outcomes resulting from the UHI or environmental changes discussed.

Overall, while the abstracts provide insight into the types of NBS like tree coverage and forest management aimed at mitigating urban heat, they collectively lack specific information on health outcomes associated with these urban heat adjustments.",Accurate,N?A
26828167,"The Urban Forest and Ecosystem Services: Impacts on Urban Water, Heat, and Pollution Cycles at the Tree, Street, and City Scale.","Many environmental challenges are exacerbated within the urban landscape, such as stormwater runoff and flood risk, chemical and particulate pollution of urban air, soil and water, the urban heat island, and summer heat waves. Urban trees, and the urban forest as a whole, can be managed to have an impact on the urban water, heat, carbon and pollution cycles. However, there is an increasing need for empirical evidence as to the magnitude of the impacts, both beneficial and adverse, that urban trees can provide and the role that climatic region and built landscape circumstance play in modifying those impacts. This special section presents new research that advances our knowledge of the ecological and environmental services provided by the urban forest. The 14 studies included provide a global perspective on the role of trees in towns and cities from five continents. Some studies provide evidence for the cooling benefit of the local microclimate in urban green space with and without trees. Other studies focus solely on the cooling benefit of urban tree transpiration at a mesoscale or on cooling from canopy shade at a street and pedestrian scale. Other studies are concerned with tree species differences in canopy interception of rainfall, water uptake from biofilter systems, and water quality improvements through nutrient uptake from stormwater runoff. Research reported here also considers both the positive and the negative impacts of trees on air quality, through the role of trees in removing air pollutants such as ozone as well as in releasing potentially harmful volatile organic compounds and allergenic particulates. A transdisciplinary framework to support future urban forest research is proposed to better understand and communicate the role of urban trees in urban biogeochemical cycles that are highly disturbed, highly managed, and of paramount importance to human health and well-being.",0,0,0_Urban Heat Island Mitigation,"The abstracts discuss various nature-based solutions (NBS) related to urban heat outcomes and their consequent health implications. The first abstract (PMID: 38159755) emphasizes the role of increased tree coverage in mitigating urban heat island (UHI) effects in Mexico, noting that heightened tree canopy cannot, by itself, adequately address UHI without careful selection of appropriate tree species. The second abstract (PMID: 26828171) presents the multifaceted role of trees in urban landscapes, including their cooling benefits through transpiration and canopy shade, while also acknowledging potential adverse impacts on air quality due to the release of volatile organic compounds. It suggests that a better understanding of these dynamics is crucial for enhancing urban well-being. The third abstract (PMID: 26828167) highlights the challenge posed by recurrent heatwaves and drought on periurban forests in Germany, documenting tree crown dieback and suggesting that tree size and species-specific traits influence susceptibility to environmental stressors. However, it does not report specific health outcomes resulting from the UHI or environmental changes discussed.

Overall, while the abstracts provide insight into the types of NBS like tree coverage and forest management aimed at mitigating urban heat, they collectively lack specific information on health outcomes associated with these urban heat adjustments.",Partially accurate ,Misattribution between abstracts
40701382,Heat exposure and adverse birth outcomes: Modification by residential greenness in a 14-year prospective cohort study in Taiwan.,"Pregnant women are vulnerable to climate change, with high ambient temperature (AT) associated with adverse birth outcomes. Inconsistent study designs, limited metrics, and unclear roles of greenness as an adaptation strategy hinder region-specific climate policies. This study assessed the effects of prenatal heat exposure on birth outcomes and whether greenness moderates this association.
Participants were recruited from the ongoing Longitudinal Examination Across Prenatal and Postpartum Health in Taiwan project, initiated in 2011. Birth outcomes were analyzed from 2011 to 2024. Heat exposure was defined as mean daily AT and wet-bulb globe temperature (WBGT) exceeding the 95th percentile across trimester stages, and birth outcomes were obtained from Children's Health Booklet records. Residential greenness was assessed using the normalized difference vegetation index. General linear and logistic regression models were applied.
A total of 1478 births were analyzed. Exposure to extreme heat during late or the entire pregnancy was associated with a reduced gestation period (AT in late pregnancy: β = -0.60, 95 % CI: -0.98, -0.23; WBGT in entire pregnancy: β = -0.75, 95 % CI: -1.19, -0.31) and increased risk of preterm birth (AT in late pregnancy: OR = 3.08, 95 % CI: 1.45, 6.53; WBGT in entire pregnancy: OR = 3.35, 95 % CI: 1.39, 8.06). High WBGT in late pregnancy predicted low birth weight. These effects were more pronounced during the hottest and coldest months and in areas with low residential greenness, suggesting a protective role of green space.
High AT and WBGT during pregnancy are associated with shorter gestation, lower birth weight, and elevated risks of preterm and low birth weight, particularly in late pregnancy. WBGT is a useful indicator of heat exposure. Greenness helps mitigate the aforementioned effects, underscoring the importance of residential environments. Our findings offer key insights for public health and urban planning.",1,1,1_Greenspace and Respiratory Health,"The abstracts discuss various nature-based solutions (NBS) and their associations with urban heat outcomes and health effects. The first abstract (PMID: 40701382) highlights the impact of diurnal temperature range (DTR) on childhood asthma risk in a tropical region of China, noting that higher annual average DTR correlates with increased asthma prevalence. The study suggests that enhancing greenness (i.e., increasing vegetation coverage) and promoting breastfeeding could be effective strategies to mitigate asthma risks associated with DTR.

The second abstract (PMID: 40197324) examines the protective role of residential greenness against adverse prenatal birth outcomes due to high wetbulb globe temperature (WBGT) during late pregnancy. It suggests that higher levels of greenness can mitigate risks such as low birth weight and preterm birth, particularly when extreme heat is experienced. There are no specific NBS discussed in this abstract aside from the general concept of greenness. 

The third abstract (PMID: 32961469) investigates the relationship between pollen from various plants and asthma exacerbation in children, specifically within Philadelphia. It does not mention any NBS or direct urban heat outcomes, instead largely focusing on the effects of different types of pollen on asthma exacerbation. 

In summary, while NBS are involved in mitigating health risks related to urban heat in some abstracts, the second and third abstracts focus primarily on other factors impacting health outcomes without direct references to NBS.",Partially accurate,PMIDs ar switch
"40197324
34843761
34110593
16935684
9643741
32247134
36435499
39251927
34762926
33758074
29154047
36557325
38922071
7789502
36570173
19564179
24372814
35850734
33629367
12543843
25461053
19788019
23884454
29022096
22281041
21432566
14616864
32993679
36582219
39353528
37659541
24981821
27117324
36306842
34364680
36208788
36152006
37817225
38748072
37413910
39757673
30440113
37386145
39938773
38658492
36535402
39552876
38185356
33999474
35994908
38522138
34827223
33992940
35921071
36203530
39612030
39389201
38662868
35209168
39962573
37061049
37018630
37232282
33549112
36676802
35137811","Association of diurnal temperature range and childhood asthma: a population-based cross-sectional study in a Tropical City, China.","Climate change has significantly impacted the diurnal temperature range (DTR), particularly in tropical regions of China, where DTR fluctuations are more frequent. While previous studies have primarily focused on the link between short-term DTR exposure and childhood asthma, there is limited information on the long-term effects from large-scale studies.
In 2022, a cross-sectional survey involving 9,130 children aged 2-10 years was conducted using stratified cluster random sampling in tropical Sanya, Hainan Province, China. Data on demographics, and asthma symptoms were collected using the validated International Study of Asthma and Allergies in Childhood (ISAAC) questionnaire. Temperature, precipitation and Normalized Difference Vegetation Index (NDVI) were obtained from remote sensing satellite. A generalized linear model (GLM) was employed to analyze the association between DTR exposure and asthma, and stratified analyses were conducted based on environmental and lifestyle factors.
The prevalence of childhood asthma was 7.57%, with the annual average DTR ranging from 5.15℃ to 7.26℃. After adjusting for potential confounders, each 1℃ increase in DTR was associated with a 65.9% higher risk of asthma (95% CI: 1.058, 2.602). Stratified analyses indicated that the impact of DTR on asthma risk was stronger among children living in areas with higher temperatures, higher precipitation, lower vegetation coverage (measured by NDVI), as well as those who were not breastfed, exposed to passive smoking, or whose mothers had pets during pregnancy.
In Sanya, increased annual DTR was significantly associated with a higher odds of childhood asthma, and this effect was influenced by environmental and lifestyle factors. Therefore, public health strategies could mitigate childhood asthma risk associated with DTR through urban greening, advocating for breastfeeding, reducing secondhand smoke, and avoiding pet ownership during pregnancy.",1,1,1_Greenspace and Respiratory Health,"The abstracts discuss various nature-based solutions (NBS) and their associations with urban heat outcomes and health effects. The first abstract (PMID: 40701382) highlights the impact of diurnal temperature range (DTR) on childhood asthma risk in a tropical region of China, noting that higher annual average DTR correlates with increased asthma prevalence. The study suggests that enhancing greenness (i.e., increasing vegetation coverage) and promoting breastfeeding could be effective strategies to mitigate asthma risks associated with DTR.

The second abstract (PMID: 40197324) examines the protective role of residential greenness against adverse prenatal birth outcomes due to high wetbulb globe temperature (WBGT) during late pregnancy. It suggests that higher levels of greenness can mitigate risks such as low birth weight and preterm birth, particularly when extreme heat is experienced. There are no specific NBS discussed in this abstract aside from the general concept of greenness. 

The third abstract (PMID: 32961469) investigates the relationship between pollen from various plants and asthma exacerbation in children, specifically within Philadelphia. It does not mention any NBS or direct urban heat outcomes, instead largely focusing on the effects of different types of pollen on asthma exacerbation. 

In summary, while NBS are involved in mitigating health risks related to urban heat in some abstracts, the second and third abstracts focus primarily on other factors impacting health outcomes without direct references to NBS.",Partially accurate,Swap issue see above
32961469,"Ambient daily pollen levels in association with asthma exacerbation among children in Philadelphia, Pennsylvania.","Pollen from trees, grasses, and weeds can trigger asthma exacerbation in sensitized individuals. However, there are gaps in knowledge about the effects, such as the relative risks from different plant taxa and threshold levels of effect. We aimed to describe the local association between pollen and asthma exacerbation among children in the City of Philadelphia, and to evaluate whether effects are modified by children's characteristics and clinical factors (e.g., child's age, race/ethnicity, comorbidities). We conducted a time-stratified case-crossover study of pediatric (age <18 years) asthma exacerbation, with cases identified through electronic health records (EHR) of the Children's Hospital of Philadelphia (CHOP) health system from March through October in the years 2011-2016. Daily pollen counts were obtained from the local National Allergy Bureau certified pollen counter. We applied conditional logistic regression to estimate odds ratios (OR) and 95% confidence intervals (CI) for the association between the pollen level (vs. none detected) and odds of asthma exacerbation, adjusting for temperature, relative humidity, and holidays. We estimated same-day exposure effects, as well as effects from exposure lagged by up to 5 days. There were 35,040 asthma exacerbation events during the study period, with the majority occurring among black, non-Hispanic children (81.8%) and boys (60.4%). We found increased odds of asthma exacerbation among Philadelphia children in association with tree pollen, both for total tree pollen and most individual tree types. Increased odds from total tree pollen were observed at the lowest levels studied (≤5 grains/m",1,1,1_Greenspace and Respiratory Health,"The abstracts discuss various nature-based solutions (NBS) and their associations with urban heat outcomes and health effects. The first abstract (PMID: 40701382) highlights the impact of diurnal temperature range (DTR) on childhood asthma risk in a tropical region of China, noting that higher annual average DTR correlates with increased asthma prevalence. The study suggests that enhancing greenness (i.e., increasing vegetation coverage) and promoting breastfeeding could be effective strategies to mitigate asthma risks associated with DTR.

The second abstract (PMID: 40197324) examines the protective role of residential greenness against adverse prenatal birth outcomes due to high wetbulb globe temperature (WBGT) during late pregnancy. It suggests that higher levels of greenness can mitigate risks such as low birth weight and preterm birth, particularly when extreme heat is experienced. There are no specific NBS discussed in this abstract aside from the general concept of greenness. 

The third abstract (PMID: 32961469) investigates the relationship between pollen from various plants and asthma exacerbation in children, specifically within Philadelphia. It does not mention any NBS or direct urban heat outcomes, instead largely focusing on the effects of different types of pollen on asthma exacerbation. 

In summary, while NBS are involved in mitigating health risks related to urban heat in some abstracts, the second and third abstracts focus primarily on other factors impacting health outcomes without direct references to NBS.",Accurate,N/A
"31856877
26960529
31613318
10698728
22651973
27671671
20637168
30764538
23865699
25217354
27306173
29146123
27147772
18994664
23413097
28389127
23326315
21816732
27346385
31515043
28778040
29330030
30347375
22963366
26180873
27665228
30658616
24872988
27991977
22379655
23599554
31174273
12894329
24892152
28327833
27409629
29445635
27545691
30913459
23000780
23938465
29669687
26930213","Urban health: an example of a ""health in all policies"" approach in the context of SDGs implementation.","Cities are an important driving force to implement the Sustainable Development Goals (SDGs) and the New Urban Agenda. The SDGs provide an operational framework to consider urbanization globally, while providing local mechanisms for action and careful attention to closing the gaps in the distribution of health gains. While health and well-being are explicitly addressed in SDG 3, health is also present as a pre condition of SDG 11, that aims at inclusive, safe, resilient and sustainable cities. Health in All Policies (HiAP) is an approach to public policy across sectors that systematically takes into account the health implications of decisions, seeks synergies, and avoids harmful health impacts in order to improve population health and health equity. HiAP is key for local decision-making processes in the context of urban policies to promote public health interventions aimed at achieving SDG targets. HiAPs relies heavily on the use of scientific evidence and evaluation tools, such as health impact assessments (HIAs). HIAs may include city-level quantitative burden of disease, health economic assessments, and citizen and other stakeholders' involvement to inform the integration of health recommendations in urban policies. The Barcelona Institute for Global Health (ISGlobal)'s Urban Planning, Environment and Health Initiative provides an example of a successful model of translating scientific evidence into policy and practice with regards to sustainable and healthy urban development. The experiences collected through ISGlobal's participation implementing HIAs in several cities worldwide as a way to promote HiAP are the basis for this analysis.
The aim of this article is threefold: to understand the links between social determinants of health, environmental exposures, behaviour, health outcomes and urban policies within the SDGs, following a HiAP rationale; to review and analyze the key elements of a HiAP approach as an accelerator of the SDGs in the context of urban and transport planning; and to describe lessons learnt from practical implementation of HIAs in cities across Europe, Africa and Latin-America.
We create a comprehensive, urban health related SDGs conceptual framework, by linking already described urban health dimensions to existing SDGs, targets and indicators. We discuss, taking into account the necessary conditions and steps to conduct HiAP, the main barriers and opportunities within the SDGs framework. We conclude by reviewing HIAs in a number of cities worldwide (based on the experiences collected by co-authors of this publication), including city-level quantitative burden of disease and health economic assessments, as practical tools to inform the integration of health recommendations in urban policies.
A conceptual framework linking SDGs and urban and transportplanning, environmental exposures, behaviour and health outcomes, following a HiAP rationale, is designed. We found at least 38 SDG targets relevant to urban health, corresponding to 15 SDGs, while 4 important aspects contained in our proposed framework were not present in the SDGs (physical activity, noise, quality of life or social capital). Thus, a more comprehensive HiAP vision within the SDGs could be beneficial. Our analysis confirmed that the SDGs framework provides an opportunity to formulate and implement policies with a HiAP approach. Three important aspects are highlighted: 1) the importance of the intersectoral work and health equity as a cross-cutting issue in sustainable development endeavors; 2) policy coherence, health governance, and stakeholders' participation as key issues; and 3) the need for high quality data. HIAs are a practical tool to implement HiAP. Opportunities and barriers related to the political, legal and health governance context, the capacity to inform policies in other sectors, the involvement of different stakeholders, and the availability of quality data are discussed based on our experience. Quantitative assessments can provide powerful data such as: estimates of annual preventable morbidity and disability-adjusted life-years (DALYs) under compliance with international exposure recommendations for physical activity, exposure to air pollution, noise, heat, and access to green spaces; the associated economic impacts in health care costs per year; and the number of preventable premature deaths when improvements in urban and transport planning are implemented. This information has been used to support the design of policies that promote cycling, walking, public, zero and low-emitting modes of transport, and the provision of urban greening or healthy public open spaces in Barcelona (e.g. Urban Mobility, Green Infrastructure and Biodiversity Plans, or the Superblocks's model), the Bus Rapid Transit and Open Streets initiatives in several Latin American cities or targeted SDGs assessments in Morocco.
By applying tools such as HIA, HiAP can be implemented to inform and improve transport and urban planning to achieve the 2030 SDG Agenda. Such a framework could be potentially used in cities worldwide, including those of less developed regions or countries. Data availability, taking into account equity issues, strenghtening the communication between experts, decision makers and citizens, and the involvement of all major stakeholders are crucial elements for the HiAP approach to translate knowledge into SDG implementation.",2,2,2_Urban Environmental Health Assessment,"The abstracts discuss various nature-based solutions (NBS) primarily focusing on the integration of green infrastructure and active transport promotion within urban planning. Specifically, they highlight interventions such as the provision of green spaces, the reduction of motorized traffic, and the implementation of transport frameworks that emphasize walking and cycling (PMID: 28778040, 27346385). 

In terms of urban heat outcomes, there is an emphasis on the impact of air pollution, noise, and access to green spaces on overall urban health and morbidity. The studies report significant relationships between these environmental exposures and health outcomes, quantifying the potential benefits of compliance with international recommendations (PMID: 28778040, 27346385). These include estimates of preventable morbidity and mortality, alongside economic savings due to improved public health that may arise from adopting NBS strategies in transport planning (PMID: 28778040).",Partially accurate,"Correct theme, no specific abstract"
28778040,Health impacts related to urban and transport planning: A burden of disease assessment.,"Until now, estimates of the Global Burden of Disease (GBD) have mainly been produced on national or regional levels. These general estimates, however, are less useful for city governments who have to take decisions on local scales. To address this gap, we focused on the city-level burden of disease (BD) due to exposures affected by urban and transport planning. We conducted a BD assessment using the Urban and Transport Planning Health Impact Assessment (UTOPHIA) tool to estimate annual preventable morbidity and disability-adjusted life-years (DALYs) under compliance with international exposure recommendations for physical activity (PA), exposure to air pollution, noise, heat, and access to green spaces in Barcelona, Spain.
Exposure estimates and morbidity data were available for 1,357,361 Barcelona residents ≥20years (2012). We compared recommended with current exposure levels to estimate the associated BD. We quantified associations between exposures and morbidities and calculated population attributable fractions to estimate the number of attributable cases. We calculated DALYs using GBD Study 2015 background DALY estimates for Spain, which were scaled to Barcelona considering differences in population size, age and sex structures. We also estimated annual health costs that could be avoided under compliance with exposure recommendations.
Not complying with recommended levels for PA, air pollution, noise, heat and access to green spaces was estimated to generate a large morbidity burden and resulted in 52,001 DALYs (95% CI: 42,866-61,136) in Barcelona each year (13% of all annual DALYs). From this BD 36% (i.e. 18,951 DALYs) was due to traffic noise with sleep disturbance and annoyance contributing largely (i.e. 10,548 DALYs). Non-compliance was estimated to result in direct health costs of 20.10 million € (95% CI: 15.36-24.83) annually.
Non-compliance of international exposure recommendations was estimated to result in a considerable BD and in substantial economic expenditure each year in Barcelona. Our findings suggest that (1) the reduction of motor traffic together with the promotion of active transport and (2) the provision of green infrastructure would result in a considerable BD avoided and substantial savings to the public health care system, as these measures can provide mitigation of noise, air pollution and heat as well as opportunities for PA promotion.",2,2,2_Urban Environmental Health Assessment,"The abstracts discuss various nature-based solutions (NBS) primarily focusing on the integration of green infrastructure and active transport promotion within urban planning. Specifically, they highlight interventions such as the provision of green spaces, the reduction of motorized traffic, and the implementation of transport frameworks that emphasize walking and cycling (PMID: 28778040, 27346385). 

In terms of urban heat outcomes, there is an emphasis on the impact of air pollution, noise, and access to green spaces on overall urban health and morbidity. The studies report significant relationships between these environmental exposures and health outcomes, quantifying the potential benefits of compliance with international recommendations (PMID: 28778040, 27346385). These include estimates of preventable morbidity and mortality, alongside economic savings due to improved public health that may arise from adopting NBS strategies in transport planning (PMID: 28778040).",Accurate,N/A
"27346385
25935610
22568888
24887163
26949869
24995636
22963366
24558178
22871378
26540085
26364544
23849478
25166878
26104392
19627030
25167823
18572534
12594196
25900805
24879367
26386464
21816732
23000780
24154724
23445724
20634455
23887610
25531818
25638643
25626137
20630992
24524928
26180873
25008529",Urban and Transport Planning Related Exposures and Mortality: A Health Impact Assessment for Cities.,"By 2050, nearly 70% of the global population is projected to live in urban areas. Because the environments we inhabit affect our health, urban and transport designs that promote healthy living are needed.
We estimated the number of premature deaths preventable under compliance with international exposure recommendations for physical activity (PA), air pollution, noise, heat, and access to green spaces.
We developed and applied the Urban and TranspOrt Planning Health Impact Assessment (UTOPHIA) tool to Barcelona, Spain. Exposure estimates and mortality data were available for 1,357,361 residents. We compared recommended with current exposure levels. We quantified the associations between exposures and mortality and calculated population attributable fractions to estimate the number of premature deaths preventable. We also modeled life-expectancy and economic impacts.
We estimated that annually, nearly 20% of mortality could be prevented if international recommendations for performance of PA; exposure to air pollution, noise, and heat; and access to green space were followed. Estimations showed that the greatest portion of preventable deaths was attributable to increases in PA, followed by reductions of exposure to air pollution, traffic noise, and heat. Access to green spaces had smaller effects on mortality. Compliance was estimated to increase the average life expectancy by 360 (95% CI: 219, 493) days and result in economic savings of 9.3 (95% CI: 4.9, 13.2) billion EUR/year.
PA factors and environmental exposures can be modified by changes in urban and transport planning. We emphasize the need for a) the reduction of motorized traffic through the promotion of active and public transport and b) the provision of green infrastructure, both of which are suggested to provide opportunities for PA and for mitigation of air pollution, noise, and heat. Citation: Mueller N, Rojas-Rueda D, Basagaña X, Cirach M, Cole-Hunter T, Dadvand P, Donaire-Gonzalez D, Foraster M, Gascon M, Martinez D, Tonne C, Triguero-Mas M, Valentín A, Nieuwenhuijsen M. 2017. Urban and transport planning related exposures and mortality: a health impact assessment for cities. Environ Health Perspect 125:89-96; http://dx.doi.org/10.1289/EHP220.",2,2,2_Urban Environmental Health Assessment,"The abstracts discuss various nature-based solutions (NBS) primarily focusing on the integration of green infrastructure and active transport promotion within urban planning. Specifically, they highlight interventions such as the provision of green spaces, the reduction of motorized traffic, and the implementation of transport frameworks that emphasize walking and cycling (PMID: 28778040, 27346385). 

In terms of urban heat outcomes, there is an emphasis on the impact of air pollution, noise, and access to green spaces on overall urban health and morbidity. The studies report significant relationships between these environmental exposures and health outcomes, quantifying the potential benefits of compliance with international recommendations (PMID: 28778040, 27346385). These include estimates of preventable morbidity and mortality, alongside economic savings due to improved public health that may arise from adopting NBS strategies in transport planning (PMID: 28778040).",Accurate,N/A
40952494,Psychological and thermal responses to urban green space exposure among elderly: a comparative study of chronic and non-chronic disease populations.,"With the intensifying processes of climate change and population aging, elderly populations are increasingly exposed to significant climate-related health risks. Urban green spaces serve as crucial venues for physical activity, social interaction, and mental restoration among the elderly, providing numerous health benefits. This study employed meteorological measurements and questionnaire surveys to investigate older adults' thermal perceptions and psychological responses to winter exposure in green spaces, comparing differences between two groups: those with chronic diseases and those without. The research specifically analyzed changes in thermal and psychological responses as participants transitioned from urban built environments to neighborhood green spaces and then returned to urban built environments. Such alternating experiences of diverse urban environments reflect the authentic Living conditions of urban residents. Findings are as follows: 1) Exposure to green spaces improved the psychological Health of older adults, with more significant and sustained improvements in emotional well-being for the chronic disease group. 2) The cold tolerance of the chronic disease group was inferior to that of the non-chronic disease group. Exposure to green spaces enhanced older adults' thermal comfort, increasing their tolerance to low temperatures, with more pronounced and sustained effects observed in the chronic disease group. 3) Psychological factors influenced older adults' thermal perceptions, with positive emotions serving as the key moderating variable. Urban green spaces could effectively enhance thermal comfort by mediating improvements in positive emotions, a benefit that is especially pronounced among older adults with chronic diseases. HIGHLIGHTS: Elderly showed better cold tolerance and mental health in green spaces vs. urban areas. Benefits of green space exposure on thermal and psychological health may be sustained. PA exerted the most significant influence on the elderly's TSV. Elderly with chronic diseases gained more health benefits from green spaces. Proposed applications and suggestions for sustainable planning and design.",3,3,3_Green Spaces and Mental Health,"The abstracts provide insights into different nature-based solutions (NBS) and their potential outcomes related to urban heat and health, particularly in vulnerable populations. One study (PMID: 40952494) focuses on the benefits of green spaces for elderly populations, highlighting that these environments improve psychological well-being and thermal comfort, particularly among older adults with chronic diseases. It notes sustained improvements in emotional well-being and cold tolerance attributed to exposure to green spaces during winter, demonstrating the psychological and thermal benefits derived from these settings.

Another abstract (PMID: 40332678) addresses the broader implications of urbanization and social inequities, specifically detailing how structural racism and environmental hazards contribute to health disparities, including the exacerbation of chronic diseases and increased risks during climate-related events. It emphasizes the need for creating green infrastructures and promoting health equity through multisectoral policies that foster resilient and inclusive urban environments. However, it does not specify particular urban heat outcomes or health outcomes derived from nature-based solutions beyond the general promotion of healthier conditions.",Accurate,N/A
"40332678
37050950
17868821
25468156
20959878
39661386
36864977
35094551
35766027
37664644
37414227
37369360
39775556
38516105
33472636
34703875
38355567
37407158
38923272
39265590
37513906
38377492
29889945
27045735
11726382
30666515
34921833
30763150
22688344
26844167
39639831
37732043
28766331
38354861
26431755
30036811
15324335
28262807
36550121
30496105
26996826
35497067
37857462
33868672
27793143
38049636
32029639
37745134
37901380
32843004
31402326
28415916
38646396
27222425
31711454
33520835
28780399
26895648
34884357
39352310
39191356
38238478
30336830
27751401
37995032
38037459
39060791
27282527
37673539
28695487
38729671
37922826
37580544
33307398
37878846
35293517
37506868
26119400
36233201
34895498
34539022
28029378
39158165
39228407
33530011
34182984
27503967
32971255
32507061
37927876
32449456
37635989
31131428
39699980
33928835
35534763
31678839
33004406
28663212
25715970
37256097
37822534
24019596
36652250
40206218
38878738",Urban health inequities and healthy longevity: traditional and emerging risk factors across the cities and policy implications.,"Urbanization is reshaping global health, with over 55% of the world's population residing in urban areas, a figure projected to reach 68% by 2050. This demographic shift presents significant challenges and opportunities for public health, as urban environments exacerbate health disparities rooted in social determinants of health, such as economic stability, education, neighborhood conditions, and access to healthcare. Rapid urban growth, particularly in low- and middle-income countries, has led to the emergence of inequitable living conditions, environmental hazards, and limited access to essential health services, contributing to the early onset of multimorbidity and rising non-communicable disease burdens. Urbanization-driven factors such as obesogenic environments, sedentary lifestyles, air pollution, and inadequate sleep exacerbate cardiovascular and metabolic risks, while social exclusion, overcrowding, and inadequate mental health services heighten vulnerabilities. Emerging risks, including urban heat islands, noise pollution, and exposure to endocrine-disrupting chemicals, further compound urban health inequities. Effective mitigation requires multi-sectoral policies that prioritize health-promoting infrastructure, reduce environmental pollutants, foster equitable healthcare access, and address systemic barriers affecting marginalized groups. This review explores the intersections between urbanization and health inequities, emphasizing the importance of addressing traditional and emerging risk factors across the lifespan. Policy implications include promoting green infrastructure, enhancing urban mobility, expanding mental health care, and leveraging participatory governance to foster resilient and inclusive cities. By adopting an integrated approach that prioritizes social equity and sustainability, cities can mitigate health disparities and create healthier, more inclusive urban environments that support the well-being of all residents.",3,3,3_Green Spaces and Mental Health,"The abstracts provide insights into different nature-based solutions (NBS) and their potential outcomes related to urban heat and health, particularly in vulnerable populations. One study (PMID: 40952494) focuses on the benefits of green spaces for elderly populations, highlighting that these environments improve psychological well-being and thermal comfort, particularly among older adults with chronic diseases. It notes sustained improvements in emotional well-being and cold tolerance attributed to exposure to green spaces during winter, demonstrating the psychological and thermal benefits derived from these settings.

Another abstract (PMID: 40332678) addresses the broader implications of urbanization and social inequities, specifically detailing how structural racism and environmental hazards contribute to health disparities, including the exacerbation of chronic diseases and increased risks during climate-related events. It emphasizes the need for creating green infrastructures and promoting health equity through multisectoral policies that foster resilient and inclusive urban environments. However, it does not specify particular urban heat outcomes or health outcomes derived from nature-based solutions beyond the general promotion of healthier conditions.",Partially Accurate,Broad global review described
"34444169
34360159
32191675
27732126
15579407
32596914
20943580
32706952
7560851
25626224
32756973
15641918
32946069
26345146
33502254
15461016
23658068
31884239
31440306
11441726
26398658
16507462
28989341
10190635
12042604
19030981
20458016
27780829
32526187
16805397
28402827
25632292
18579879
31453425
32619007
32338071
32436405
32539166
32836743
32754945
32853056
34086762
32879732
35747269
33250561
33939507
32718835
32806422
32405084
32837621
33910895
22370087
29470121
30478764
31569347
30691464
32853663
33059471
32965660
19597174
33480972
33136498
32663045
32459916
32305087
32816556
26615079
33802347
30822651
31007726
17600037
19758453
24910717
22239116
23505245
22457967
23028797
20958904
18929971
11499103
24400619
19449682
20576580
20190119
18929970
19692412
18498647
20637167
30692085
19593155
21659039
19017694
21861210
29450071
21477954
33278353
21975970
22493259
33930272
30858319
32673511
26426945
29578659
34189365
27428612
29936288
23908229
31008380
26222597
29437116
28122885
33787821
31912902
33331845
33830988
24141542
31179021
26976915
15757915
33326300
31583928
29386200
21777121
24175301
28684622
28863390
29545240
25211756
16425269
27491839
18605549
26838249
12948946
25847484
27880835
31482004
19261658
11027954
16920241
28938955
19135908
23010338
22311885
28359908
24963893
18307730
22826539
21885324
21074260
26420812
32415529
25855784
26780582
9103107
25322309
26762963
30137194
33388619
18619394
28196846
32150271
30425965
10616822
21318584
30834239
22402290
31098836
26063477
33008873
28273125
32723697
32560363
32435809
17019906
33876377
20669466
12152921
23425989
32619845
31212860
29982151
29510520
26185745
33095838
32407171
32270668
32656368
27419035
22079788
28529389
27343886
31713144
33561082
30720732
11081851
25135074
26560759
24662966
24002726
26569271
26080420
32145186
33144785
32799105
33120930
32302935
32283003
33154711
16599387
33416460
16194185
19023879
21934319
12883107
22961994
11305069
30916356
18350109
23149426
22982948
22243906
25880654
21945085
30703611
31899764
26540085
24906067
29723390
29851627
24887352
18994663
26796324
18086547
24678610
23334758
27173381
29801991
30482056
31625487
25599017
26767769
25824659
20634465
28592241
29890637
30772148
12679416
9449139
10367999
21836171
28363838
28314824
21807669
29887821
25459206
28612774
25862991
20333947
30574105
21680931
18314085
26280793
20629479
29566200
31369084
28796634
29078344
24527499
18279352
31036662
31123264
12646539
24189091
30735881
23875985
31717956
30319478
30717301
30873068
24691122
25830303
32505246",Resilience and Equity in a Time of Crises: Investing in Public Urban Greenspace Is Now More Essential Than Ever in the US and Beyond.,"The intersecting negative effects of structural racism, COVID-19, climate change, and chronic diseases disproportionately affect racial and ethnic minorities in the US and around the world. Urban populations of color are concentrated in historically redlined, segregated, disinvested, and marginalized neighborhoods with inadequate quality housing and limited access to resources, including quality greenspaces designed to support natural ecosystems and healthy outdoor activities while mitigating urban environmental challenges such as air pollution, heat island effects, combined sewer overflows and poor water quality. Disinvested urban environments thus contribute to health inequity via physical and social environmental exposures, resulting in disparities across numerous health outcomes, including COVID-19 and chronic diseases such as cancer and cardiovascular diseases (CVD). In this paper, we build off an existing conceptual framework and propose another conceptual framework for the role of greenspace in contributing to resilience and health equity in the US and beyond. We argue that strategic investments in public greenspaces in urban neighborhoods impacted by long term economic disinvestment are critically needed to adapt and build resilience in communities of color, with urgency due to immediate health threats of climate change, COVID-19, and endemic disparities in chronic diseases. We suggest that equity-focused investments in public urban greenspaces are needed to reduce social inequalities, expand economic opportunities with diversity in workforce initiatives, build resilient urban ecosystems, and improve health equity. We recommend key strategies and considerations to guide this investment, drawing upon a robust compilation of scientific literature along with decades of community-based work, using strategic partnerships from multiple efforts in Milwaukee Wisconsin as examples of success.",3,3,3_Green Spaces and Mental Health,"The abstracts provide insights into different nature-based solutions (NBS) and their potential outcomes related to urban heat and health, particularly in vulnerable populations. One study (PMID: 40952494) focuses on the benefits of green spaces for elderly populations, highlighting that these environments improve psychological well-being and thermal comfort, particularly among older adults with chronic diseases. It notes sustained improvements in emotional well-being and cold tolerance attributed to exposure to green spaces during winter, demonstrating the psychological and thermal benefits derived from these settings.

Another abstract (PMID: 40332678) addresses the broader implications of urbanization and social inequities, specifically detailing how structural racism and environmental hazards contribute to health disparities, including the exacerbation of chronic diseases and increased risks during climate-related events. It emphasizes the need for creating green infrastructures and promoting health equity through multisectoral policies that foster resilient and inclusive urban environments. However, it does not specify particular urban heat outcomes or health outcomes derived from nature-based solutions beyond the general promotion of healthier conditions.",Partially accurate,Not referenced in summary despite being representative